[{"id":"6285859839014@s.whatsapp.net","uang":87664},{"id":"6281280730239@s.whatsapp.net","uang":53539},{"id":"6285692840848@s.whatsapp.net","uang":61172},{"id":"6282187158121@s.whatsapp.net","uang":66375},{"id":"628885990097@s.whatsapp.net","uang":67538},{"id":"628970960675@s.whatsapp.net","uang":27468},{"id":"6281280730239@s.whatsapp.net","uang":65535},{"id":"6281268315160@s.whatsapp.net","uang":51206},{"id":"6285719795178@s.whatsapp.net","uang":12408},{"id":"6281939813640@s.whatsapp.net","uang":11976},{"id":"6282331131467@s.whatsapp.net","uang":9194},{"id":"628995573225@s.whatsapp.net","uang":10917},{"id":"6285708464520@s.whatsapp.net","uang":6332},{"id":"628888322346@s.whatsapp.net","uang":6906},{"id":"6283844521195@s.whatsapp.net","uang":5262},{"id":"62895618427121@s.whatsapp.net","uang":4181},{"id":"6285341748629@s.whatsapp.net","uang":3606},{"id":"6281517462893@s.whatsapp.net","uang":3211},{"id":"6289523598729@s.whatsapp.net","uang":2731},{"id":"6281244432780@s.whatsapp.net","uang":2103},{"id":"6287711355615@s.whatsapp.net","uang":1238},{"id":"6287873777714@s.whatsapp.net","uang":1038},{"id":"6289654470522@s.whatsapp.net","uang":1615},{"id":"6288276657690@s.whatsapp.net","uang":476},{"id":"6283199832527@s.whatsapp.net","uang":1039},{"id":"6285710258753@s.whatsapp.net","uang":283},{"id":"6281224113670@s.whatsapp.net","uang":291},{"id":"6282283208293@s.whatsapp.net","uang":95},{},{"id":"6283803728334@s.whatsapp.net","uang":181193},{"id":"6281284358223@s.whatsapp.net","uang":50566},{"id":"6283833847406@s.whatsapp.net","uang":58972},{"id":"6283177234819@s.whatsapp.net","uang":25761},{"id":"6283856085455@s.whatsapp.net","uang":51429},{"id":"6283172064405@s.whatsapp.net","uang":16632},{"id":"6283110972761@s.whatsapp.net","uang":49785},{"id":"6287879150668@s.whatsapp.net","uang":11437},{"id":"6285341748629@s.whatsapp.net","uang":11090},{"id":"6283184910664@s.whatsapp.net","uang":11090},{"id":"6289648122334@s.whatsapp.net","uang":6400},{"id":"6288276657690@s.whatsapp.net","uang":11262},{"id":"6281287565381@s.whatsapp.net","uang":5277},{"id":"6285213787291@s.whatsapp.net","uang":5273},{"id":"6288224893657@s.whatsapp.net","uang":5274},{"id":"6281914986196@s.whatsapp.net","uang":3291},{"id":"6283172064405@s.whatsapp.net","uang":5292},{"id":"6285748230942@s.whatsapp.net","uang":2640},{"id":"6282331636234@s.whatsapp.net","uang":1879},{"id":"6289510299083@s.whatsapp.net","uang":1239},{"id":"6281341542100@s.whatsapp.net","uang":956},{"id":"6285706804179@s.whatsapp.net","uang":1128},{"id":"6282133198735@s.whatsapp.net","uang":387},{"id":"6285777446989@s.whatsapp.net","uang":379},{"id":"6281315172101@s.whatsapp.net","uang":277},{"id":"6285719795178@s.whatsapp.net","uang":7327},{"id":"6287873777714@s.whatsapp.net","uang":185},{"id":"62812874133914@s.whatsapp.net","uang":46027},{"id":"6283803728334@s.whatsapp.net","uang":25082}]